county,city,month,week,weekly_pollutant_mean,first_max_value,weekly_aqi_avg,local_site_name,year
Clark,Vancouver,1,1,5.2335978730158725,20.0,26.49074073015873,1,2024
Clark,Vancouver,1,2,4.232878984126985,18.0,21.42652977777778,1,2024
Clark,Vancouver,1,3,11.23492061904762,37.0,46.46031744444445,1,2024
Clark,Vancouver,1,4,2.5897917936507935,16.0,13.243760047619048,1,2024
Clark,Vancouver,1,5,5.274074037037037,17.0,26.66666662962963,1,2024
Clark,Vancouver,2,5,6.205555555555556,29.0,31.36111111111111,1,2024
Clark,Vancouver,2,6,4.733856682539683,16.0,23.895761444444442,1,2024
Clark,Vancouver,2,7,4.877777777777778,19.0,24.674603174603174,1,2024
Clark,Vancouver,2,8,5.51865080952381,23.0,27.410714301587305,1,2024
Clark,Vancouver,2,9,2.1315921944444445,10.0,10.687147750000001,1,2024
Clark,Vancouver,3,9,3.207098777777778,13.0,16.066358037037038,1,2024
Clark,Vancouver,3,10,4.989285714285714,16.0,25.192460317460316,1,2024
Clark,Vancouver,3,11,5.262301571428571,21.0,25.986111095238098,1,2024
Clark,Vancouver,3,12,6.547009412698412,26.0,32.223199888888885,1,2024
Clark,Vancouver,3,13,3.2782206031746033,9.0,16.624252349206348,1,2024
Clark,Vancouver,4,14,4.833068777777778,15.0,24.414021158730158,1,2024
Clark,Vancouver,4,15,4.120105825396825,14.0,20.780423285714285,1,2024
Clark,Vancouver,4,16,3.2048941746031745,15.0,16.106481476190478,1,2024
Clark,Vancouver,4,17,3.8383334000000007,13.0,16.9583334,1,2024
Clark,Vancouver,4,18,1.9375,6.0,1.9375,1,2024
Clark,Vancouver,5,18,1.6438888888888887,5.0,8.186111111111112,1,2024
Clark,Vancouver,5,19,2.0907982698412697,11.0,10.395560174603174,1,2024
Clark,Vancouver,5,20,1.358551873015873,9.0,8.02521853968254,1,2024
Clark,Vancouver,5,21,4.14484126984127,37.0,20.779761904761905,1,2024
Clark,Vancouver,5,22,2.448035422222222,7.0,12.190257644444445,1,2024
Clark,Vancouver,6,22,2.6027777777777774,9.0,13.180555555555555,1,2024
Clark,Vancouver,6,23,4.176851873015873,11.0,21.167328063492064,1,2024
Clark,Vancouver,6,24,2.9902058888888887,11.0,14.939412238095237,1,2024
Clark,Vancouver,6,25,2.319047619047619,9.0,11.944444444444445,1,2024
Clark,Vancouver,6,26,1.532240619047619,10.0,7.665573952380952,1,2024
Clark,Vancouver,7,27,8.919841285714284,105.0,33.12301588888889,1,2024
Clark,Vancouver,7,28,5.247619031746032,13.0,26.365079349206347,1,2024
Clark,Vancouver,7,29,2.746957666666667,19.0,13.896164015873017,1,2024
Clark,Vancouver,7,30,2.5179031587301584,38.0,12.727426968253969,1,2024
Clark,Vancouver,7,31,0.6027777777777777,7.0,5.106481481481482,1,2024
Clark,Vancouver,8,31,3.0057870277777776,7.0,15.228009250000001,1,2024
Clark,Vancouver,8,32,5.290343904761905,21.0,26.750661365079367,1,2024
Clark,Vancouver,8,33,2.303991253968254,8.0,11.688118238095239,1,2024
Clark,Vancouver,8,34,2.2035714285714283,10.0,10.91468253968254,1,2024
Clark,Vancouver,8,35,4.622725444444445,20.0,23.333836555555557,1,2024
Clark,Vancouver,9,35,5.308333333333334,12.0,26.375,1,2024
Clark,Vancouver,9,36,9.766269857142857,39.0,35.88690477777778,1,2024
Clark,Vancouver,9,37,1.9749482380952381,8.0,10.000345063492064,1,2024
Clark,Vancouver,9,38,2.3777777777777778,12.0,12.079365079365079,1,2024
Clark,Vancouver,9,39,1.5048309365079366,8.0,8.171497603174604,1,2024
Clark,Vancouver,9,40,2.9064814444444442,27.0,14.55092588888889,1,2024
Clark,Vancouver,10,40,4.688425925925926,13.0,23.636574074074073,1,2024
Clark,Vancouver,10,41,6.962652412698413,22.0,32.39757304761905,1,2024
Clark,Vancouver,10,42,4.305026444444445,22.0,21.68915342857143,1,2024
Clark,Vancouver,10,43,4.861599936507937,25.0,24.417155492063493,1,2024
Clark,Vancouver,10,44,4.481249999999999,16.0,22.50347222222222,1,2024
Clark,Vancouver,11,44,3.440740740740741,16.0,17.27777777777778,1,2024
Clark,Vancouver,11,45,12.805687825396825,33.0,50.44378306349206,1,2024
Clark,Vancouver,11,46,3.0457729365079365,19.0,15.452122142857142,1,2024
Clark,Vancouver,11,47,2.6345583015873015,24.0,13.250431317460317,1,2024
Clark,Vancouver,11,48,8.587962962962964,28.0,41.10648148148148,1,2024
Clark,Vancouver,12,1,2.7032407777777774,10.0,13.636574111111111,1,2024
Clark,Vancouver,12,48,17.210185222222222,31.0,60.587962999999995,1,2024
Clark,Vancouver,12,49,11.618783063492064,39.0,46.50132274603175,1,2024
Clark,Vancouver,12,50,5.3628939523809525,19.0,27.013687603174603,1,2024
Clark,Vancouver,12,51,3.2482804126984126,26.0,16.36574073015873,1,2024
Clark,Vancouver,12,52,2.1609040793650793,12.0,10.783126301587302,1,2024
King,Seattle,1,1,8.6362912139738,43.0,37.691313048034935,3,2024
King,Seattle,1,2,4.209320248780488,20.0,21.0834665902439,3,2024
King,Seattle,1,3,6.258414990610328,22.0,31.539166164319248,3,2024
King,Seattle,1,4,3.5609552300469485,21.0,18.12245757746479,3,2024
King,Seattle,1,5,7.233805845360825,33.0,35.30803264948454,3,2024
King,Seattle,2,5,5.8645870306122445,43.0,29.733974785714285,3,2024
King,Seattle,2,6,5.621629712195122,16.0,28.669434590243903,3,2024
King,Seattle,2,7,3.8623357947598254,32.0,19.72958470305677,3,2024
King,Seattle,2,8,4.942055661971831,21.0,25.18243124882629,3,2024
King,Seattle,2,9,3.5061781724137933,12.0,18.02341955172414,3,2024
King,Seattle,3,9,3.00966493814433,14.0,15.529252567010309,3,2024
King,Seattle,3,10,5.435312972850679,20.0,27.462462294117646,3,2024
King,Seattle,3,11,6.111480642857143,21.0,30.27066431632653,3,2024
King,Seattle,3,12,6.0108288661971825,25.0,29.58829365492958,3,2024
King,Seattle,3,13,4.7981792594594594,14.0,24.568990070270267,3,2024
King,Seattle,4,14,4.975880272300469,25.0,25.295129098591552,3,2024
King,Seattle,4,15,5.392976460093896,38.0,27.225840309859155,3,2024
King,Seattle,4,16,4.719933217647059,16.0,23.81169792352941,3,2024
King,Seattle,4,17,4.167459693121693,13.2,21.111375037037035,3,2024
King,Seattle,4,18,2.9539533709677417,11.0,15.134598532258064,3,2024
King,Seattle,5,18,4.618734577777778,16.0,23.332808651851852,3,2024
King,Seattle,5,19,5.718467978165939,24.0,28.492267104803496,3,2024
King,Seattle,5,20,4.382379051643192,20.0,22.4030363286385,3,2024
King,Seattle,5,21,4.801623638497652,43.0,24.452327863849767,3,2024
King,Seattle,5,22,3.4909500125786166,11.0,17.901012905660377,3,2024
King,Seattle,6,22,2.988194444444445,14.0,15.03263888888889,3,2024
King,Seattle,6,23,6.099857923076923,18.0,31.22396048717949,3,2024
King,Seattle,6,24,3.693065838509317,33.0,18.639649689440994,3,2024
King,Seattle,6,25,4.354951524509804,20.0,22.166716230392154,3,2024
King,Seattle,6,26,3.2419475962441315,16.0,16.47011661032864,3,2024
King,Seattle,7,27,8.933224048128343,81.5,39.525737417112296,3,2024
King,Seattle,7,28,8.718724674208145,47.7,42.67347580542987,3,2024
King,Seattle,7,29,5.978372281690141,46.5,30.48541453521127,3,2024
King,Seattle,7,30,5.000710976525822,17.0,25.485218018779342,3,2024
King,Seattle,7,31,3.4722547628865983,13.0,17.8062753814433,3,2024
King,Seattle,8,31,6.952588378787879,101.0,34.66167928787879,3,2024
King,Seattle,8,32,8.613908450704226,43.0,40.37728873239436,3,2024
King,Seattle,8,33,5.770639262032085,17.0,29.257270278074866,3,2024
King,Seattle,8,34,4.935890290322581,17.0,25.254169860215054,3,2024
King,Seattle,8,35,7.09424463483146,19.0,35.58862665730337,3,2024
King,Seattle,9,35,10.701234555555557,23.0,48.89382714814815,3,2024
King,Seattle,9,36,8.810382244131455,25.0,38.68080477934272,3,2024
King,Seattle,9,37,5.3439473990147786,40.0,27.353799615763545,3,2024
King,Seattle,9,38,6.912240377659574,21.0,34.46117654787234,3,2024
King,Seattle,9,39,4.9623239389671365,20.0,25.165140840375585,3,2024
King,Seattle,9,40,4.218214285714286,11.0,21.635357142857142,3,2024
King,Seattle,10,40,6.866014989247312,18.0,34.728380580645165,3,2024
King,Seattle,10,41,7.84695431455399,75.9,36.63193084037559,3,2024
King,Seattle,10,42,4.702523469483569,17.0,23.910035206572772,3,2024
King,Seattle,10,43,4.535824061135371,21.0,22.98123890829694,3,2024
King,Seattle,10,44,5.34986879,13.0,26.60586879,3,2024
King,Seattle,11,44,5.025375391752577,23.0,25.883107350515463,3,2024
King,Seattle,11,45,10.164384751173708,25.0,44.39161479812207,3,2024
King,Seattle,11,46,3.305542986425339,12.0,16.77522624434389,3,2024
King,Seattle,11,47,4.801617112676056,30.0,23.764997394366198,3,2024
King,Seattle,11,48,7.863879150537635,36.0,37.541298505376346,3,2024
King,Seattle,12,1,3.506417722222222,11.0,17.580491796296297,3,2024
King,Seattle,12,48,11.236574074074074,26.0,48.3625,3,2024
King,Seattle,12,49,10.802694454148472,38.0,44.75553288209608,3,2024
King,Seattle,12,50,6.312910802816901,26.0,29.219953056338028,3,2024
King,Seattle,12,51,5.1652685352112675,52.0,25.431935201877934,3,2024
King,Seattle,12,52,3.342100303167421,16.0,17.01449849321267,3,2024
King,Tukwila,1,1,10.119214396825397,45.0,42.65254773015873,1,2024
King,Tukwila,1,2,6.832407396825396,23.0,33.01653438095238,1,2024
King,Tukwila,1,3,8.80502646031746,27.0,41.10978836507937,1,2024
King,Tukwila,1,4,5.668471936170213,17.0,27.166344276595748,1,2024
King,Tukwila,1,5,10.837627518518518,21.0,49.20799788888889,1,2024
King,Tukwila,2,5,8.455404555555555,21.0,40.722071222222226,1,2024
King,Tukwila,2,6,8.162169317460318,24.0,41.03835979365079,1,2024
King,Tukwila,2,7,5.218253968253968,18.0,26.234126984126984,1,2024
King,Tukwila,2,8,7.347751333333334,25.0,36.12235450793651,1,2024
King,Tukwila,2,9,5.130183194444445,20.0,25.907960972222224,1,2024
King,Tukwila,3,9,5.239814814814815,12.0,26.662037037037038,1,2024
King,Tukwila,3,10,7.9458994603174595,25.0,38.599867714285715,1,2024
King,Tukwila,3,11,7.539696963636364,28.0,35.728787872727274,1,2024
King,Tukwila,3,12,7.49060846031746,58.0,35.88425925396825,1,2024
King,Tukwila,3,13,5.320887952380952,19.0,26.882792714285713,1,2024
King,Tukwila,4,14,6.333730142857142,17.0,31.946428555555553,1,2024
King,Tukwila,4,15,6.434840111111111,17.0,32.33960201587302,1,2024
King,Tukwila,4,16,5.760978857142857,15.0,29.087962984126985,1,2024
King,Tukwila,4,17,4.748337952380952,11.0,24.151512555555556,1,2024
King,Tukwila,4,18,3.4064815,9.0,17.27314816666667,1,2024
King,Tukwila,5,18,5.263518511111111,13.0,26.365740733333332,1,2024
King,Tukwila,5,19,5.59024027027027,13.0,27.0172672972973,1,2024
King,Tukwila,5,20,3.342117135135135,13.0,16.46644145945946,1,2024
King,Tukwila,5,21,3.819766523809524,11.0,19.222941126984125,1,2024
King,Tukwila,5,22,2.936925275862069,11.0,14.026580448275862,1,2024
King,Tukwila,6,22,2.453240722222222,6.0,12.275462944444445,1,2024
King,Tukwila,6,23,6.335052904761905,16.0,31.94775131746032,1,2024
King,Tukwila,6,24,3.9785714444444444,13.0,20.1309523968254,1,2024
King,Tukwila,6,25,5.377432714285714,16.0,27.14251207936508,1,2024
King,Tukwila,6,26,3.8884345396825397,11.0,19.60906946031746,1,2024
King,Tukwila,7,27,12.31829996825397,159.0,47.46750631746032,1,2024
King,Tukwila,7,28,8.28902115873016,17.0,40.16203703174603,1,2024
King,Tukwila,7,29,5.433718666666667,15.0,27.401972634920636,1,2024
King,Tukwila,7,30,4.8771163968253965,10.0,24.673941793650794,1,2024
King,Tukwila,7,31,3.238271592592593,8.0,16.660493814814814,1,2024
King,Tukwila,8,31,6.45324075,13.0,32.49768519444444,1,2024
King,Tukwila,8,32,8.620105825396827,21.0,39.18518519047619,1,2024
King,Tukwila,8,33,5.66389465079365,17.0,28.698815285714286,1,2024
King,Tukwila,8,34,5.106084650793651,11.0,25.588624333333335,1,2024
King,Tukwila,8,35,7.654166648148148,16.0,38.039351833333335,1,2024
King,Tukwila,9,35,10.602777777777778,18.0,49.18055555555556,1,2024
King,Tukwila,9,36,10.217592571428572,40.0,44.4398147936508,1,2024
King,Tukwila,9,37,5.75928226984127,16.0,29.086266396825394,1,2024
King,Tukwila,9,38,6.217592587301587,16.0,31.296957666666668,1,2024
King,Tukwila,9,39,4.640567785714286,11.0,22.92628207142857,1,2024
King,Tukwila,9,40,4.818182,7.0,4.818182,1,2024
King,Tukwila,10,40,7.239043222222222,16.0,36.06867285185185,1,2024
King,Tukwila,10,41,7.8474350317460315,23.0,36.558546142857146,1,2024
King,Tukwila,10,42,4.847089952380952,16.0,24.542328047619048,1,2024
King,Tukwila,10,43,5.533152952380952,30.0,27.666486285714285,1,2024
King,Tukwila,10,44,6.355092611111111,12.0,32.0439815,1,2024
King,Tukwila,11,44,5.171296296296297,14.0,26.060185185185187,1,2024
King,Tukwila,11,45,12.303473666666667,25.0,49.37014033333333,1,2024
King,Tukwila,11,46,4.777645492063492,13.0,23.90145501587302,1,2024
King,Tukwila,11,47,7.926655127659575,22.0,35.55218704255319,1,2024
King,Tukwila,11,48,11.308333333333334,38.0,48.0787037037037,1,2024
King,Tukwila,12,1,6.758207055555555,15.0,34.09154038888889,1,2024
King,Tukwila,12,48,17.303703666666667,31.0,60.59259255555556,1,2024
King,Tukwila,12,49,13.304997714285715,29.0,51.387537396825394,1,2024
King,Tukwila,12,50,10.262962984126982,30.0,44.19312171428571,1,2024
King,Tukwila,12,51,7.762962952380953,27.0,38.7089946984127,1,2024
King,Tukwila,12,52,5.34576719047619,18.0,27.009259253968256,1,2024
Kitsap,Bremerton,1,1,5.420108695652174,18.0,27.089673913043477,1,2024
Kitsap,Bremerton,1,2,4.606969709090909,17.0,23.21060607272727,1,2024
Kitsap,Bremerton,1,3,7.032413158730159,21.0,34.81654014285714,1,2024
Kitsap,Bremerton,1,4,1.9332010476190478,16.0,9.742724857142857,1,2024
Kitsap,Bremerton,1,5,3.2055555925925923,10.0,16.064814851851853,1,2024
Kitsap,Bremerton,2,5,3.730092583333333,15.0,18.863425916666667,1,2024
Kitsap,Bremerton,2,6,4.947222222222222,16.0,24.93452380952381,1,2024
Kitsap,Bremerton,2,7,3.7624166190476194,13.0,18.96241661904762,1,2024
Kitsap,Bremerton,2,8,4.761038984126984,17.0,23.897546920634923,1,2024
Kitsap,Bremerton,2,9,2.85625,11.0,14.322916666666666,1,2024
Kitsap,Bremerton,3,9,2.305246925925926,8.0,11.520061740740742,1,2024
Kitsap,Bremerton,3,10,4.561375634920635,17.0,22.98677246031746,1,2024
Kitsap,Bremerton,3,11,4.705375174603175,25.0,23.51172438095238,1,2024
Kitsap,Bremerton,3,12,4.86174947826087,13.0,24.096532086956522,1,2024
Kitsap,Bremerton,3,13,3.2577505818181822,13.0,16.130477854545454,1,2024
Kitsap,Bremerton,4,14,3.5486772380952383,10.0,17.796296285714288,1,2024
Kitsap,Bremerton,4,15,3.0791667,7.0,14.9191667,1,2024
Kitsap,Bremerton,4,16,2.4595454363636367,10.0,12.23409089090909,1,2024
Kitsap,Bremerton,4,17,2.1900226825396825,8.0,11.040816333333332,1,2024
Kitsap,Bremerton,4,18,0.30138888888888893,7.0,2.701388888888889,1,2024
Kitsap,Bremerton,5,18,2.5662963333333333,9.0,12.912963000000001,1,2024
Kitsap,Bremerton,5,19,4.089331714285715,12.0,20.648061873015873,1,2024
Kitsap,Bremerton,5,20,3.048677253968254,10.0,15.455026460317459,1,2024
Kitsap,Bremerton,5,21,2.6328042222222225,10.0,13.375661365079365,1,2024
Kitsap,Bremerton,5,22,1.8046296222222225,6.0,9.09351851111111,1,2024
Kitsap,Bremerton,6,22,1.2546296666666668,5.0,6.365740777777777,1,2024
Kitsap,Bremerton,6,23,3.9782263492063494,13.0,20.003623174603177,1,2024
Kitsap,Bremerton,6,24,2.164153428571429,7.0,10.78637565079365,1,2024
Kitsap,Bremerton,6,25,3.104618126984127,13.0,15.714141936507938,1,2024
Kitsap,Bremerton,6,26,2.2194616984126982,16.0,11.044858523809525,1,2024
Kitsap,Bremerton,7,27,6.89366284126984,157.0,30.106361253968256,1,2024
Kitsap,Bremerton,7,28,6.205440555555556,15.0,31.424488174603173,1,2024
Kitsap,Bremerton,7,29,2.8904761746031746,13.0,14.674603158730159,1,2024
Kitsap,Bremerton,7,30,3.51997353968254,14.0,17.539021158730158,1,2024
Kitsap,Bremerton,7,31,0.835882962962963,5.0,4.539586666666667,1,2024
Kitsap,Bremerton,8,31,3.980092583333333,12.0,20.002314805555557,1,2024
Kitsap,Bremerton,8,32,6.045916714285714,19.0,29.626869095238096,1,2024
Kitsap,Bremerton,8,33,4.463227507936508,14.0,22.469576714285715,1,2024
Kitsap,Bremerton,8,34,3.114102574468085,10.0,15.250272787234044,1,2024
Kitsap,Bremerton,8,35,4.473523888888889,12.0,22.577227592592592,1,2024
Kitsap,Bremerton,9,35,6.102777777777778,10.0,30.90277777777778,1,2024
Kitsap,Bremerton,9,36,6.09074073015873,28.0,28.99867723809524,1,2024
Kitsap,Bremerton,9,37,2.919841285714286,12.0,14.678571444444444,1,2024
Kitsap,Bremerton,9,38,3.4619047619047616,14.0,17.404761904761905,1,2024
Kitsap,Bremerton,9,39,2.763083206349206,10.0,14.02657526984127,1,2024
Kitsap,Bremerton,9,40,2.5,6.0,12.722222222222221,1,2024
Kitsap,Bremerton,10,40,4.220370370370371,11.0,21.36111111111111,1,2024
Kitsap,Bremerton,10,41,4.734920650793651,17.0,23.769841285714286,1,2024
Kitsap,Bremerton,10,42,2.6908730000000003,17.0,13.636904746031746,1,2024
Kitsap,Bremerton,10,43,3.7648033174603177,14.0,18.96480331746032,1,2024
Kitsap,Bremerton,10,44,4.901851833333334,16.0,24.99074072222222,1,2024
Kitsap,Bremerton,11,44,2.207098740740741,7.0,11.214506148148148,1,2024
Kitsap,Bremerton,11,45,9.132401634920635,33.0,40.0022429047619,1,2024
Kitsap,Bremerton,11,46,2.4785714285714286,17.0,12.472222222222221,1,2024
Kitsap,Bremerton,11,47,2.6917931904761905,10.0,13.637824936507936,1,2024
Kitsap,Bremerton,11,48,5.7226851666666665,18.0,28.789351833333335,1,2024
Kitsap,Bremerton,12,1,3.754629611111111,11.0,19.087962944444442,1,2024
Kitsap,Bremerton,12,48,7.401851888888889,15.0,37.26851855555556,1,2024
Kitsap,Bremerton,12,49,6.463888904761905,16.0,32.72420636507936,1,2024
Kitsap,Bremerton,12,50,4.5320105873015875,14.0,22.728835984126984,1,2024
Kitsap,Bremerton,12,51,3.5646537936507934,10.0,18.053542682539682,1,2024
Kitsap,Bremerton,12,52,2.517989412698413,9.0,12.473544968253968,1,2024
Kittitas,Ellensburg,1,1,5.235582015873016,18.0,26.492724873015874,1,2024
Kittitas,Ellensburg,1,2,4.089417984126984,16.0,20.648148142857142,1,2024
Kittitas,Ellensburg,1,3,11.776984111111112,28.0,50.45634919047619,1,2024
Kittitas,Ellensburg,1,4,7.247417761904762,19.0,35.47598919047619,1,2024
Kittitas,Ellensburg,1,5,6.1385802592592595,14.0,31.205246925925923,1,2024
Kittitas,Ellensburg,2,5,5.108564833333333,20.0,25.68634261111111,1,2024
Kittitas,Ellensburg,2,6,4.319708984126984,25.0,21.310185174603177,1,2024
Kittitas,Ellensburg,2,7,3.733597873015873,20.0,18.832010571428572,1,2024
Kittitas,Ellensburg,2,8,4.017558095238096,17.0,20.639780317460318,1,2024
Kittitas,Ellensburg,2,9,2.6307870277777776,21.0,13.186342583333333,1,2024
Kittitas,Ellensburg,3,9,2.9719135555555556,13.0,15.149691333333335,1,2024
Kittitas,Ellensburg,3,10,4.375132285714286,24.0,22.203703714285712,1,2024
Kittitas,Ellensburg,3,11,3.605394523809524,14.0,18.310156428571428,1,2024
Kittitas,Ellensburg,3,12,4.191821968253969,18.0,21.169599746031746,1,2024
Kittitas,Ellensburg,3,13,2.148148142857143,10.0,10.910052904761905,1,2024
Kittitas,Ellensburg,4,14,1.990608476190476,8.0,10.130291015873016,1,2024
Kittitas,Ellensburg,4,15,2.6181216825396825,15.0,13.24669311111111,1,2024
Kittitas,Ellensburg,4,16,3.4910397936507938,29.0,17.53548423809524,1,2024
Kittitas,Ellensburg,4,17,2.319709,13.0,11.691137571428571,1,2024
Kittitas,Ellensburg,4,18,1.8527777777777779,5.0,9.097222222222221,1,2024
Kittitas,Ellensburg,5,18,2.9868518222222225,14.0,15.09351848888889,1,2024
Kittitas,Ellensburg,5,19,3.8917989523809524,19.0,19.485449746031744,1,2024
Kittitas,Ellensburg,5,20,2.9898320634920634,11.0,15.319990793650794,1,2024
Kittitas,Ellensburg,5,21,2.588095222222222,11.0,13.242063476190475,1,2024
Kittitas,Ellensburg,5,22,2.5647664888888886,12.0,13.089210933333334,1,2024
Kittitas,Ellensburg,6,22,2.6004629444444443,8.0,12.733796277777778,1,2024
Kittitas,Ellensburg,6,23,4.389153428571428,29.0,21.951058190476193,1,2024
Kittitas,Ellensburg,6,24,2.576863349206349,10.0,12.989561761904762,1,2024
Kittitas,Ellensburg,6,25,4.118783063492064,35.0,20.6521163968254,1,2024
Kittitas,Ellensburg,6,26,2.963888888888889,23.0,14.938492063492063,1,2024
Kittitas,Ellensburg,7,27,3.261640206349206,15.0,16.36640211111111,1,2024
Kittitas,Ellensburg,7,28,5.4218254126984124,16.0,27.529761920634922,1,2024
Kittitas,Ellensburg,7,29,7.391741412698413,53.0,36.50920173015873,1,2024
Kittitas,Ellensburg,7,30,6.4332010634920636,40.0,31.322089952380953,1,2024
Kittitas,Ellensburg,7,31,2.3691358148148147,9.0,12.117283962962963,1,2024
Kittitas,Ellensburg,8,31,9.054861138888889,30.0,40.78819447222222,1,2024
Kittitas,Ellensburg,8,32,10.906481492063492,24.0,47.693783079365076,1,2024
Kittitas,Ellensburg,8,33,5.59074073015873,39.0,28.054232793650794,1,2024
Kittitas,Ellensburg,8,34,2.6653324126984126,9.0,13.509776857142857,1,2024
Kittitas,Ellensburg,8,35,3.3371913703703706,10.0,16.818672851851854,1,2024
Kittitas,Ellensburg,9,35,4.803703666666667,10.0,24.537037,1,2024
Kittitas,Ellensburg,9,36,9.506613761904761,30.0,37.88756614285714,1,2024
Kittitas,Ellensburg,9,37,2.0909420317460317,24.0,10.64967219047619,1,2024
Kittitas,Ellensburg,9,38,2.3043363492063493,13.0,11.815447460317461,1,2024
Kittitas,Ellensburg,9,39,1.9632275238095238,10.0,9.747354507936508,1,2024
Kittitas,Ellensburg,9,40,1.4064814444444442,6.0,7.2731481111111105,1,2024
Kittitas,Ellensburg,10,40,3.1385802407407404,10.0,15.760802462962964,1,2024
Kittitas,Ellensburg,10,41,4.764947079365079,16.0,23.90145501587302,1,2024
Kittitas,Ellensburg,10,42,4.379444449999999,14.0,19.77944445,1,2024
Kittitas,Ellensburg,10,43,4.347751333333334,17.0,21.56679895238095,1,2024
Kittitas,Ellensburg,10,44,4.603935194444444,12.0,23.403935194444443,1,2024
Kittitas,Ellensburg,11,44,2.3348765185185183,9.0,11.520061703703705,1,2024
Kittitas,Ellensburg,11,45,11.189550253968253,32.0,42.00859787301587,1,2024
Kittitas,Ellensburg,11,46,6.035001158730158,25.0,29.120715444444443,1,2024
Kittitas,Ellensburg,11,47,5.805515285714286,26.0,29.348372428571427,1,2024
Kittitas,Ellensburg,11,48,5.922067907407408,28.0,29.847993833333334,1,2024
Kittitas,Ellensburg,12,1,6.855092611111111,35.0,34.5439815,1,2024
Kittitas,Ellensburg,12,48,4.906481444444444,10.0,24.55092588888889,1,2024
Kittitas,Ellensburg,12,49,4.333068793650794,16.0,21.81878307936508,1,2024
Kittitas,Ellensburg,12,50,6.976587301587301,24.0,34.43055555555556,1,2024
Kittitas,Ellensburg,12,51,8.489774571428573,38.0,39.169139650793646,1,2024
Kittitas,Ellensburg,12,52,5.004629619047619,17.0,25.19510580952381,1,2024
Okanogan,Nespelem Community,10,41,1.980764152173913,9.2,9.511198934782609,1,2024
Okanogan,Nespelem Community,10,42,2.2608465714285715,11.6,11.556084666666667,1,2024
Okanogan,Nespelem Community,10,43,1.3162209523809525,10.8,7.386062222222222,1,2024
Okanogan,Nespelem Community,10,44,1.2517763888888889,9.8,7.918443055555555,1,2024
Okanogan,Nespelem Community,11,44,3.3691358148148147,12.7,16.67283951851852,1,2024
Okanogan,Nespelem Community,11,45,9.216071428571428,30.0,36.96210317460318,1,2024
Okanogan,Nespelem Community,11,46,3.277314825396825,11.7,16.496362444444443,1,2024
Okanogan,Nespelem Community,11,47,5.791269825396826,33.4,28.076984111111113,1,2024
Okanogan,Nespelem Community,11,48,5.1348485,35.7,23.969631108695655,1,2024
Okanogan,Nespelem Community,12,48,13.901388888888889,46.5,54.87916666666667,1,2024
Okanogan,Nespelem Community,12,49,7.288972285714285,61.7,31.288972285714284,1,2024
Okanogan,Nespelem Community,12,50,4.7329167,11.1,23.6929167,1,2024
Okanogan,Nespelem Community,12,51,3.9881335185185183,14.9,20.15109648148148,1,2024
Okanogan,Nespelem Community,12,52,3.2509435090909093,15.8,16.10912532727273,1,2024
Okanogan,Not in a city,1,1,11.947222238095238,61.0,47.8075396984127,1,2024
Okanogan,Not in a city,1,2,6.919841285714286,21.0,35.05952382539682,1,2024
Okanogan,Not in a city,1,3,15.275661365079365,86.0,57.19312168253968,1,2024
Okanogan,Not in a city,1,4,13.176190492063492,56.0,53.27777779365079,1,2024
Okanogan,Not in a city,1,5,11.727724454545456,25.0,43.50954263636363,1,2024
Okanogan,Not in a city,2,5,5.807175916666667,31.0,28.207175916666667,1,2024
Okanogan,Not in a city,2,6,11.548015857142857,48.0,47.38293649206349,1,2024
Okanogan,Not in a city,2,7,11.603439142857143,52.0,47.89550263492064,1,2024
Okanogan,Not in a city,2,8,7.305745349206349,34.0,35.99145963492064,1,2024
Okanogan,Not in a city,2,9,4.682175916666667,41.0,23.41550925,1,2024
Okanogan,Not in a city,3,9,7.076234592592592,48.0,35.16512348148148,1,2024
Okanogan,Not in a city,3,10,7.534776333333333,32.0,35.38239538095238,1,2024
Okanogan,Not in a city,3,11,7.746296285714285,55.0,36.03835977777778,1,2024
Okanogan,Not in a city,3,12,6.349419142857143,30.0,31.31449850793651,1,2024
Okanogan,Not in a city,3,13,5.333068777777778,20.0,26.882275126984126,1,2024
Okanogan,Not in a city,4,14,4.0205486666666665,21.0,20.26181850793651,1,2024
Okanogan,Not in a city,4,15,3.777645507936508,21.0,19.21891534920635,1,2024
Okanogan,Not in a city,4,16,4.878900723404255,22.0,24.16400710638298,1,2024
Okanogan,Not in a city,4,17,3.306464238095238,14.0,16.627099158730157,1,2024
Okanogan,Not in a city,4,18,3.0046296111111115,12.0,15.00462961111111,1,2024
Okanogan,Not in a city,5,18,3.137699243243243,10.0,15.764726270270272,1,2024
Okanogan,Not in a city,5,19,4.421203567567567,14.0,21.999581945945945,1,2024
Okanogan,Not in a city,5,20,2.621141015873016,12.0,13.376696571428573,1,2024
Okanogan,Not in a city,5,21,2.7239935555555554,9.0,13.642512074074075,1,2024
Okanogan,Not in a city,5,22,2.0197703928571427,8.0,9.734056107142857,1,2024
Okanogan,Not in a city,6,22,2.1564815,8.0,10.912037055555555,1,2024
Okanogan,Not in a city,6,23,2.746267523809524,9.0,13.895473873015872,1,2024
Okanogan,Not in a city,6,24,3.347492523809524,13.0,16.757016333333333,1,2024
Okanogan,Not in a city,6,25,3.333730158730159,20.0,16.75595238095238,1,2024
Okanogan,Not in a city,6,26,2.434466317460317,12.0,12.212244095238097,1,2024
Okanogan,Not in a city,7,27,4.761266396825397,48.0,24.02475846031746,1,2024
Okanogan,Not in a city,7,28,9.567763157894737,26.0,41.4625,1,2024
Okanogan,Not in a city,7,29,13.275402571428572,48.0,53.79603749206349,1,2024
Okanogan,Not in a city,7,30,14.604761904761904,73.0,53.69047619047619,1,2024
Okanogan,Not in a city,7,31,10.03888888888889,34.0,42.00925925925926,1,2024
Okanogan,Not in a city,8,31,15.001157388888888,35.0,56.55671294444445,1,2024
Okanogan,Not in a city,8,32,13.431878301587302,31.0,53.81283068253968,1,2024
Okanogan,Not in a city,8,33,11.49126984126984,43.0,48.392857142857146,1,2024
Okanogan,Not in a city,8,34,4.535116174603174,42.0,22.8589256984127,1,2024
Okanogan,Not in a city,8,35,4.239110314814815,15.0,21.36503624074074,1,2024
Okanogan,Not in a city,9,35,5.509259222222222,13.0,28.17592588888889,1,2024
Okanogan,Not in a city,9,36,12.947222206349206,37.0,51.60119046031746,1,2024
Okanogan,Not in a city,9,37,3.644148936170213,26.0,16.18882978723404,1,2024
Okanogan,Not in a city,9,38,3.077758873015873,16.0,15.458711253968254,1,2024
Okanogan,Not in a city,9,39,3.2965579642857143,17.0,16.696557964285713,1,2024
Okanogan,Not in a city,10,40,4.424702392857143,13.0,21.796130964285712,1,2024
Okanogan,Not in a city,10,41,8.591402111111112,25.0,39.43584655555556,1,2024
Okanogan,Not in a city,10,42,8.630855837837837,31.0,39.42004502702703,1,2024
Okanogan,Not in a city,10,43,7.114090909090908,40.0,34.70681818181818,1,2024
Okanogan,Not in a city,10,44,7.3796296111111115,28.0,37.49074072222223,1,2024
Okanogan,Not in a city,11,44,13.073148185185186,35.0,51.53240744444445,1,2024
Okanogan,Not in a city,11,45,22.118362206349207,54.0,69.12788601587302,1,2024
Okanogan,Not in a city,11,46,10.804304936507936,74.0,44.25192398412699,1,2024
Okanogan,Not in a city,11,47,15.32037038095238,52.0,56.4378306984127,1,2024
Okanogan,Not in a city,11,48,8.288117296296296,32.0,39.44367285185185,1,2024
Okanogan,Not in a city,12,1,12.004629611111111,47.0,49.33796294444445,1,2024
Okanogan,Not in a city,12,48,9.210185222222222,22.0,46.36574077777778,1,2024
Okanogan,Not in a city,12,49,8.23604211111111,33.0,36.985248460317464,1,2024
Okanogan,Not in a city,12,50,13.447078444444443,51.0,53.307395904761904,1,2024
Okanogan,Not in a city,12,51,17.376455015873017,51.0,60.98280422222222,1,2024
Okanogan,Not in a city,12,52,12.991269857142857,48.0,50.08333334920635,1,2024
Pierce,Tacoma,1,1,6.784821428571429,35.0,31.23561507936508,3,2024
Pierce,Tacoma,1,2,5.295414329365079,39.0,23.35573178968254,3,2024
Pierce,Tacoma,1,3,9.666170634920634,50.0,42.316964285714285,3,2024
Pierce,Tacoma,1,4,3.9934883174603173,27.0,20.129996253968255,3,2024
Pierce,Tacoma,1,5,6.85547837962963,28.0,33.877700601851856,3,2024
Pierce,Tacoma,2,5,7.631365729166666,53.0,34.85358795138889,3,2024
Pierce,Tacoma,2,6,6.344708726190476,52.0,31.185978567460317,3,2024
Pierce,Tacoma,2,7,3.522091384920635,21.0,17.72844059126984,3,2024
Pierce,Tacoma,2,8,6.254629630952381,31.0,29.65145502777778,3,2024
Pierce,Tacoma,2,9,2.236277173611111,16.0,11.308499395833334,3,2024
Pierce,Tacoma,3,9,2.4142747037037036,15.0,12.199459888888889,3,2024
Pierce,Tacoma,3,10,6.9467967619047615,39.0,32.61663803174603,3,2024
Pierce,Tacoma,3,11,6.469742067460317,38.0,30.8506944484127,3,2024
Pierce,Tacoma,3,12,6.1806878293650795,27.0,29.707671956349206,3,2024
Pierce,Tacoma,3,13,3.6234418492063494,47.0,18.058362484126985,3,2024
Pierce,Tacoma,4,14,4.264660358851675,29.0,20.9919330861244,3,2024
Pierce,Tacoma,4,15,4.764987341269841,22.0,24.0253048015873,3,2024
Pierce,Tacoma,4,16,4.190930527777778,27.0,21.10521624206349,3,2024
Pierce,Tacoma,4,17,3.1645898341013825,18.0,15.894543751152074,3,2024
Pierce,Tacoma,4,18,1.7700413272727271,12.0,8.679132236363637,3,2024
Pierce,Tacoma,5,18,3.6542389444444443,27.0,18.49868338888889,3,2024
Pierce,Tacoma,5,19,5.724145307692307,64.0,27.38568376923077,3,2024
Pierce,Tacoma,5,20,3.7822036725663715,18.0,19.208752345132744,3,2024
Pierce,Tacoma,5,21,3.958360119047619,13.0,19.936137896825397,3,2024
Pierce,Tacoma,5,22,2.750001277777778,14.0,13.954445722222221,3,2024
Pierce,Tacoma,6,22,2.6553240833333334,10.0,13.299768527777779,3,2024
Pierce,Tacoma,6,23,5.2330443452380955,21.0,26.42669513888889,3,2024
Pierce,Tacoma,6,24,3.6522429246031747,17.0,18.410973083333335,3,2024
Pierce,Tacoma,6,25,3.986420242063492,24.0,20.319753575396824,3,2024
Pierce,Tacoma,6,26,2.897810265873016,18.0,14.866064234126984,3,2024
Pierce,Tacoma,7,27,10.969001611111112,423.0,39.032493674603174,3,2024
Pierce,Tacoma,7,28,6.389758360169491,27.0,31.40331768220339,3,2024
Pierce,Tacoma,7,29,3.7348614618644067,19.0,18.78231908898305,3,2024
Pierce,Tacoma,7,30,3.3836529246031746,22.0,17.174129115079364,3,2024
Pierce,Tacoma,7,31,1.1430136203703702,11.0,7.3874580648148145,3,2024
Pierce,Tacoma,8,31,4.523640055555556,38.0,22.72919561111111,3,2024
Pierce,Tacoma,8,32,6.46145832936508,21.0,31.73764880555556,3,2024
Pierce,Tacoma,8,33,3.99364073015873,24.0,20.1618946984127,3,2024
Pierce,Tacoma,8,34,3.5940612857142855,18.0,18.117870809523808,3,2024
Pierce,Tacoma,8,35,6.11358612037037,24.0,30.165437972222225,3,2024
Pierce,Tacoma,9,35,7.552893527777777,27.0,37.50844908333333,3,2024
Pierce,Tacoma,9,36,7.777992722222222,70.0,33.56529430952381,3,2024
Pierce,Tacoma,9,37,3.9088077301587303,16.0,19.804045825396823,3,2024
Pierce,Tacoma,9,38,5.329889865079364,52.0,26.691794626984127,3,2024
Pierce,Tacoma,9,39,2.985927785714286,17.0,15.604975404761905,3,2024
Pierce,Tacoma,9,40,5.383333333333334,23.0,27.049999999999997,3,2024
Pierce,Tacoma,10,40,6.391493046296296,36.0,31.565567120370368,3,2024
Pierce,Tacoma,10,41,9.14797828110599,161.0,38.784844640553,3,2024
Pierce,Tacoma,10,42,4.705671635944701,30.0,23.297376705069123,3,2024
Pierce,Tacoma,10,43,5.144593257936508,73.0,25.750942464285714,3,2024
Pierce,Tacoma,10,44,6.141116902777778,52.0,30.074450236111108,3,2024
Pierce,Tacoma,11,44,4.854668203703704,16.0,24.543557092592593,3,2024
Pierce,Tacoma,11,45,12.410553986175117,84.0,49.49811158986175,3,2024
Pierce,Tacoma,11,46,4.697930923404255,32.0,23.584739434042554,3,2024
Pierce,Tacoma,11,47,5.965642261904762,41.0,29.714848611111112,3,2024
Pierce,Tacoma,11,48,9.438715287037038,48.0,44.68315973148148,3,2024
Pierce,Tacoma,12,1,7.167881944444444,36.0,34.80121527777778,3,2024
Pierce,Tacoma,12,48,21.382175916666668,47.0,67.93773147222223,3,2024
Pierce,Tacoma,12,49,12.590534285714286,85.0,48.641327936507935,3,2024
Pierce,Tacoma,12,50,10.723851222222223,86.0,43.95877185714286,3,2024
Pierce,Tacoma,12,51,7.109490722222223,56.0,34.16028437301587,3,2024
Pierce,Tacoma,12,52,4.604993392857143,14.2,23.151025138888887,3,2024
Skagit,Anacortes,1,1,4.620105825396825,15.0,23.248677253968253,1,2024
Skagit,Anacortes,1,2,3.420933984126984,13.0,17.401886365079367,1,2024
Skagit,Anacortes,1,3,3.7466413492063495,13.0,18.959339761904765,1,2024
Skagit,Anacortes,1,4,2.3905363333333334,8.0,12.079425222222222,1,2024
Skagit,Anacortes,1,5,2.702469148148148,12.0,13.635802481481482,1,2024
Skagit,Anacortes,2,5,3.1639630714285714,10.0,15.849677357142857,1,2024
Skagit,Anacortes,2,6,4.389909285714285,12.0,22.205782301587302,1,2024
Skagit,Anacortes,2,7,4.260542253968254,21.0,21.555780349206348,1,2024
Skagit,Anacortes,2,8,4.579519317460318,13.0,23.37317011111111,1,2024
Skagit,Anacortes,2,9,2.656481472222222,8.0,13.189814805555555,1,2024
Skagit,Anacortes,3,9,2.5367845185185187,7.0,13.025673407407407,1,2024
Skagit,Anacortes,3,10,3.5776214603174603,12.0,18.053811936507934,1,2024
Skagit,Anacortes,3,11,4.680542289473684,14.0,22.975279131578947,1,2024
Skagit,Anacortes,3,12,4.468119184210527,13.0,21.39443497368421,1,2024
Skagit,Anacortes,3,13,3.2920446031746033,13.0,16.498393809523808,1,2024
Skagit,Anacortes,4,14,3.7066378095238095,10.0,18.703463206349205,1,2024
Skagit,Anacortes,4,15,4.203451174603175,10.0,21.295514666666666,1,2024
Skagit,Anacortes,4,16,3.5615136825396823,14.0,17.923418444444444,1,2024
Skagit,Anacortes,4,17,3.2742183650793653,8.0,16.493265984126985,1,2024
Skagit,Anacortes,4,18,2.308333333333333,6.0,11.819444444444445,1,2024
Skagit,Anacortes,5,18,3.507323244444444,9.0,17.818434355555556,1,2024
Skagit,Anacortes,5,19,5.792147666666667,15.0,29.347703222222222,1,2024
Skagit,Anacortes,5,20,3.3357744126984126,11.0,16.757996634920634,1,2024
Skagit,Anacortes,5,21,4.177040793650794,10.0,20.91354873015873,1,2024
Skagit,Anacortes,5,22,3.3071256,9.0,16.729347822222223,1,2024
Skagit,Anacortes,6,22,2.904166666666667,6.0,14.54861111111111,1,2024
Skagit,Anacortes,6,23,5.204894190476191,12.0,26.233465619047617,1,2024
Skagit,Anacortes,6,24,3.6921098730158732,46.0,18.574649555555556,1,2024
Skagit,Anacortes,6,25,4.491647777777778,11.0,22.726568412698413,1,2024
Skagit,Anacortes,6,26,2.9912096984126983,9.0,15.194384301587302,1,2024
Skagit,Anacortes,7,27,6.791185666666666,23.0,33.77531265079365,1,2024
Skagit,Anacortes,7,28,8.733692349206349,20.0,41.99083520634921,1,2024
Skagit,Anacortes,7,29,4.361497650793651,12.0,22.075783365079364,1,2024
Skagit,Anacortes,7,30,4.248641174603175,17.0,21.429593555555556,1,2024
Skagit,Anacortes,7,31,4.707098740740741,10.0,23.936728370370368,1,2024
Skagit,Anacortes,8,31,4.8294268888888885,13.0,24.31831577777778,1,2024
Skagit,Anacortes,8,32,5.74903626984127,17.0,28.834750555555555,1,2024
Skagit,Anacortes,8,33,5.334013619047619,56.0,26.883219968253968,1,2024
Skagit,Anacortes,8,34,4.461810285714286,13.0,22.722127746031745,1,2024
Skagit,Anacortes,8,35,6.037077296296296,15.0,30.45189211111111,1,2024
Skagit,Anacortes,9,35,6.0055555555555555,9.0,30.005555555555556,1,2024
Skagit,Anacortes,9,36,7.234725095238096,24.0,34.71409017460318,1,2024
Skagit,Anacortes,9,37,3.7187745555555556,9.0,18.82988566666667,1,2024
Skagit,Anacortes,9,38,4.592976222222222,13.0,22.992976222222225,1,2024
Skagit,Anacortes,9,39,4.150046,12.0,21.03893488888889,1,2024
Skagit,Anacortes,9,40,3.302020222222222,9.0,16.368686888888888,1,2024
Skagit,Anacortes,10,40,4.988482055555556,11.0,25.151445018518515,1,2024
Skagit,Anacortes,10,41,5.490033333333333,15.0,27.661461904761904,1,2024
Skagit,Anacortes,10,42,3.6044011587301585,13.0,18.055194809523808,1,2024
Skagit,Anacortes,10,43,4.07596373015873,19.0,20.520408174603173,1,2024
Skagit,Anacortes,10,44,3.480092583333333,8.0,17.724537027777778,1,2024
Skagit,Anacortes,11,44,3.3364197777777775,11.0,16.966049407407407,1,2024
Skagit,Anacortes,11,45,7.747713523809524,24.0,37.18263415873016,1,2024
Skagit,Anacortes,11,46,3.4919312222222225,16.0,17.663359793650795,1,2024
Skagit,Anacortes,11,47,2.805820111111111,11.0,14.158201063492063,1,2024
Skagit,Anacortes,11,48,6.020987648148148,15.0,30.450617277777777,1,2024
Skagit,Anacortes,12,1,2.6564814444444442,9.0,13.189814777777777,1,2024
Skagit,Anacortes,12,48,4.3,15.0,21.811111111111114,1,2024
Skagit,Anacortes,12,49,7.431349206349206,16.0,37.145634920634926,1,2024
Skagit,Anacortes,12,50,4.274218380952381,24.0,21.55675806349206,1,2024
Skagit,Anacortes,12,51,2.1054232539682536,9.0,10.524470873015872,1,2024
Skagit,Anacortes,12,52,2.335654142857143,10.0,11.821368428571429,1,2024
Snohomish,Darrington,1,1,7.519312174603174,47.0,34.617724873015874,1,2024
Snohomish,Darrington,1,2,9.319708984126985,69.0,37.611772476190474,1,2024
Snohomish,Darrington,1,3,11.31952861904762,42.0,47.1036556031746,1,2024
Snohomish,Darrington,1,4,6.648148126984127,26.0,33.37830685714286,1,2024
Snohomish,Darrington,1,5,3.236728407407407,17.0,16.362654333333335,1,2024
Snohomish,Darrington,2,5,5.853935166666667,32.0,29.542824055555556,1,2024
Snohomish,Darrington,2,6,5.429894174603175,22.0,27.271164015873016,1,2024
Snohomish,Darrington,2,7,5.720928206349206,41.0,27.43521392063492,1,2024
Snohomish,Darrington,2,8,4.261640222222223,34.0,20.287037047619048,1,2024
Snohomish,Darrington,2,9,4.204398166666667,18.0,21.1377315,1,2024
Snohomish,Darrington,3,9,6.836419777777778,24.0,34.24382718518519,1,2024
Snohomish,Darrington,3,10,5.80499507936508,57.0,29.347852222222222,1,2024
Snohomish,Darrington,3,11,1.9463020476190476,11.0,9.743127444444445,1,2024
Snohomish,Darrington,3,12,3.9648665714285714,17.0,20.129945936507937,1,2024
Snohomish,Darrington,3,13,2.631481492063492,9.0,13.374338634920635,1,2024
Snohomish,Darrington,4,14,3.520634936507937,19.0,17.79365080952381,1,2024
Snohomish,Darrington,4,15,3.462806634920635,23.0,17.40566377777778,1,2024
Snohomish,Darrington,4,16,3.375793666666667,50.0,17.013888904761906,1,2024
Snohomish,Darrington,4,17,1.6041005238095238,8.0,8.181878301587302,1,2024
Snohomish,Darrington,4,18,2.509259222222222,7.0,12.731481444444444,1,2024
Snohomish,Darrington,5,18,3.6833091777777773,15.0,18.72330917777778,1,2024
Snohomish,Darrington,5,19,2.835628015873016,15.0,14.162612142857142,1,2024
Snohomish,Darrington,5,20,2.2669972545454544,7.0,11.226997254545456,1,2024
Snohomish,Darrington,5,21,2.003968253968254,11.0,10.003968253968255,1,2024
Snohomish,Darrington,5,22,1.544562311111111,14.0,7.642340088888889,1,2024
Snohomish,Darrington,6,22,1.8527777777777779,8.0,9.097222222222221,1,2024
Snohomish,Darrington,6,23,2.276879587301587,10.0,11.432435142857143,1,2024
Snohomish,Darrington,6,24,2.0193121904761906,12.0,10.133597904761904,1,2024
Snohomish,Darrington,6,25,1.9270279636363636,14.0,9.810664327272727,1,2024
Snohomish,Darrington,6,26,1.231673888888889,5.0,6.234848492063493,1,2024
Snohomish,Darrington,7,27,3.99236253968254,106.0,18.735219682539682,1,2024
Snohomish,Darrington,7,28,4.291666650793651,16.0,21.688492047619047,1,2024
Snohomish,Darrington,7,29,4.660846555555556,14.0,23.632275126984126,1,2024
Snohomish,Darrington,7,30,2.6054232698412703,12.0,13.24669311111111,1,2024
Snohomish,Darrington,7,31,0.30377077777777783,9.0,2.4074744814814815,1,2024
Snohomish,Darrington,8,31,5.155324083333333,10.0,26.13310186111111,1,2024
Snohomish,Darrington,8,32,7.561375666666667,20.0,36.65343915873016,1,2024
Snohomish,Darrington,8,33,3.961243396825397,17.0,20.12632276190476,1,2024
Snohomish,Darrington,8,34,2.0058373492063493,10.0,10.005837349206349,1,2024
Snohomish,Darrington,8,35,2.5724131481481485,11.0,12.88352425925926,1,2024
Snohomish,Darrington,9,35,5.6009662222222225,11.0,28.178744000000002,1,2024
Snohomish,Darrington,9,36,9.205217206349205,32.0,37.72585212698413,1,2024
Snohomish,Darrington,9,37,3.2911322857142857,13.0,16.62446561904762,1,2024
Snohomish,Darrington,9,38,2.9597078,8.0,13.4797078,1,2024
Snohomish,Darrington,9,39,3.150098818181818,9.0,15.659189727272729,1,2024
Snohomish,Darrington,9,40,2.8037036666666664,24.0,14.537037000000002,1,2024
Snohomish,Darrington,10,40,3.1050925925925923,10.0,15.608796296296296,1,2024
Snohomish,Darrington,10,41,3.1761904761904765,23.0,15.976190476190476,1,2024
Snohomish,Darrington,10,42,2.6488095238095237,13.0,13.505952380952381,1,2024
Snohomish,Darrington,10,43,2.3235334761904762,27.0,11.694962047619047,1,2024
Snohomish,Darrington,10,44,3.7055555555555557,14.0,18.86111111111111,1,2024
Snohomish,Darrington,11,44,3.573148111111111,12.0,17.884259222222223,1,2024
Snohomish,Darrington,11,45,6.435185206349206,25.0,30.435185206349207,1,2024
Snohomish,Darrington,11,46,2.9325396984126986,14.0,14.805555571428572,1,2024
Snohomish,Darrington,11,47,4.706637793650793,25.0,23.766955253968256,1,2024
Snohomish,Darrington,11,48,8.406481481481482,36.0,39.60648148148148,1,2024
Snohomish,Darrington,12,1,8.504629611111111,47.0,41.3935185,1,2024
Snohomish,Darrington,12,48,5.303703666666667,20.0,26.370370333333334,1,2024
Snohomish,Darrington,12,49,10.248652921052631,56.0,39.49075818421053,1,2024
Snohomish,Darrington,12,50,11.43276973015873,77.0,45.21054750793651,1,2024
Snohomish,Darrington,12,51,6.104401142857143,25.0,30.777417015873016,1,2024
Snohomish,Darrington,12,52,3.8764550158730158,27.0,19.482804222222224,1,2024
Snohomish,Everett,7,31,1.9,1.9,1.9,1,2024
Snohomish,Everett,8,31,4.232986111111111,16.8,21.588541666666668,1,2024
Snohomish,Everett,8,32,6.361826587301588,16.8,31.69515992063492,1,2024
Snohomish,Everett,8,33,4.0188492063492065,13.5,20.387103174603176,1,2024
Snohomish,Everett,8,34,3.020238111111111,10.6,15.19801588888889,1,2024
Snohomish,Everett,8,35,4.673644666666667,14.2,23.63660762962963,1,2024
Snohomish,Everett,9,35,7.802777777777777,17.2,39.09166666666667,1,2024
Snohomish,Everett,9,36,6.563227523809524,18.1,31.464814825396825,1,2024
Snohomish,Everett,9,37,4.076587301587302,14.1,20.521031746031746,1,2024
Snohomish,Everett,9,38,4.391203714285714,22.0,22.33406085714286,1,2024
Snohomish,Everett,9,39,3.262235444444445,10.2,16.493981476190477,1,2024
Snohomish,Everett,9,40,2.703240777777778,7.6,13.636574111111111,1,2024
Snohomish,Everett,10,40,6.338482055555556,56.1,32.11625983333334,1,2024
Snohomish,Everett,10,41,5.161177238095238,21.8,25.97387565079365,1,2024
Snohomish,Everett,10,42,2.366264079365079,13.1,11.953565666666668,1,2024
Snohomish,Everett,10,43,3.104034396825397,17.7,15.713558206349207,1,2024
Snohomish,Everett,10,44,3.1060185277777776,10.7,15.683796305555555,1,2024
Snohomish,Everett,11,44,3.538331962962963,35.2,17.582776407407408,1,2024
Snohomish,Everett,11,45,7.619329428571429,24.9,36.279646888888884,1,2024
Snohomish,Everett,11,46,2.5911375714285714,25.2,13.118121698412699,1,2024
Snohomish,Everett,11,47,3.0044312063492065,12.9,15.06792326984127,1,2024
Snohomish,Everett,11,48,8.806944444444444,27.7,41.28101851851852,1,2024
Snohomish,Everett,12,1,3.654861111111111,13.6,18.632638888888888,1,2024
Snohomish,Everett,12,48,8.305092555555555,18.0,41.81620366666667,1,2024
Snohomish,Everett,12,49,9.302405015873015,96.0,39.13097644444444,1,2024
Snohomish,Everett,12,50,4.390013222222222,22.3,22.078902111111113,1,2024
Snohomish,Everett,12,51,2.6079364920634918,11.4,13.122222206349207,1,2024
Snohomish,Everett,12,52,2.8173970476190475,10.5,14.411047841269841,1,2024
Snohomish,Marysville,1,1,13.234920634920634,69.0,50.492063492063494,1,2024
Snohomish,Marysville,1,2,11.933862444444445,71.0,45.394179904761906,1,2024
Snohomish,Marysville,1,3,13.117340063492064,42.0,51.74591149206349,1,2024
Snohomish,Marysville,1,4,4.017989428571428,11.0,20.25925926984127,1,2024
Snohomish,Marysville,1,5,6.003086407407408,20.0,30.299382703703706,1,2024
Snohomish,Marysville,2,5,10.232407416666668,30.0,44.69907408333333,1,2024
Snohomish,Marysville,2,6,11.077380952380953,37.0,47.839285714285715,1,2024
Snohomish,Marysville,2,7,9.862721428571428,39.0,43.894467460317465,1,2024
Snohomish,Marysville,2,8,9.591402111111112,35.0,41.832671952380956,1,2024
Snohomish,Marysville,2,9,4.87962963888889,10.0,24.768518527777776,1,2024
Snohomish,Marysville,3,9,5.439197555555556,12.0,27.572530888888892,1,2024
Snohomish,Marysville,3,10,8.989314476190476,27.0,41.76391765079365,1,2024
Snohomish,Marysville,3,11,9.661026920634919,41.0,42.34674120634921,1,2024
Snohomish,Marysville,3,12,7.961243380952381,23.0,37.078703698412696,1,2024
Snohomish,Marysville,3,13,6.648809507936508,26.0,31.85515871428571,1,2024
Snohomish,Marysville,4,14,7.219576714285714,22.0,35.47354496825397,1,2024
Snohomish,Marysville,4,15,7.504749888888889,21.0,37.40951179365079,1,2024
Snohomish,Marysville,4,16,7.148809523809524,19.0,36.101190476190474,1,2024
Snohomish,Marysville,4,17,5.407142857142857,17.0,27.273809523809526,1,2024
Snohomish,Marysville,4,18,4.558333333333334,17.0,22.73611111111111,1,2024
Snohomish,Marysville,5,18,5.943888866666668,18.0,29.81944442222222,1,2024
Snohomish,Marysville,5,19,8.162349682539682,25.0,39.387746507936505,1,2024
Snohomish,Marysville,5,20,6.092063492063493,16.0,30.523809523809526,1,2024
Snohomish,Marysville,5,21,6.11953073015873,14.0,30.65286406349206,1,2024
Snohomish,Marysville,5,22,5.065370355555555,11.0,25.634259244444447,1,2024
Snohomish,Marysville,6,22,4.25,9.0,21.36111111111111,1,2024
Snohomish,Marysville,6,23,7.905579587301587,21.0,39.10557958730159,1,2024
Snohomish,Marysville,6,24,5.4759259206349205,12.0,27.660052904761905,1,2024
Snohomish,Marysville,6,25,7.104761920634921,26.0,34.57142858730158,1,2024
Snohomish,Marysville,6,26,4.117460301587301,26.0,20.777777761904762,1,2024
Snohomish,Marysville,7,27,15.377950317460318,314.0,54.03191857142857,1,2024
Snohomish,Marysville,7,28,9.489947095238096,38.0,44.10582011111111,1,2024
Snohomish,Marysville,7,29,5.6551955000000005,16.0,28.484825129629627,1,2024
Snohomish,Marysville,7,30,5.261753254545455,14.0,26.00357143636364,1,2024
Snohomish,Marysville,7,31,2.8405125925925923,10.0,14.24792,1,2024
Snohomish,Marysville,8,31,5.804861138888889,11.0,29.09375002777778,1,2024
Snohomish,Marysville,8,32,8.277645507936509,18.0,40.417328047619044,1,2024
Snohomish,Marysville,8,33,6.4899470952380955,14.0,32.72486773015873,1,2024
Snohomish,Marysville,8,34,4.205555555555556,13.0,21.17063492063492,1,2024
Snohomish,Marysville,8,35,7.870538703703704,22.0,39.396464629629634,1,2024
Snohomish,Marysville,9,35,9.808333333333334,15.0,47.31944444444444,1,2024
Snohomish,Marysville,9,36,8.405963873015873,30.0,38.39961466666667,1,2024
Snohomish,Marysville,9,37,5.053571428571429,11.0,24.482142857142858,1,2024
Snohomish,Marysville,9,38,7.355000018181817,33.0,35.60227274545455,1,2024
Snohomish,Marysville,9,39,5.334362777777777,19.0,27.010553253968254,1,2024
Snohomish,Marysville,9,40,8.0,16.0,40.0,1,2024
Snohomish,Marysville,10,40,9.089799347826087,20.0,44.68979934782609,1,2024
Snohomish,Marysville,10,41,9.475303018181817,36.0,41.44621210909091,1,2024
Snohomish,Marysville,10,42,4.7335978730158725,22.0,24.022486761904762,1,2024
Snohomish,Marysville,10,43,5.9344950476190474,19.0,29.99798711111111,1,2024
Snohomish,Marysville,10,44,5.6810184999999995,16.0,28.41435183333333,1,2024
Snohomish,Marysville,11,44,5.406481481481482,17.0,27.27314814814815,1,2024
Snohomish,Marysville,11,45,11.660185206349206,35.0,49.679232825396824,1,2024
Snohomish,Marysville,11,46,5.7603174444444445,31.0,27.563492047619047,1,2024
Snohomish,Marysville,11,47,7.146509063492064,23.0,35.33698525396825,1,2024
Snohomish,Marysville,11,48,13.204783944444445,53.0,51.84182098148148,1,2024
Snohomish,Marysville,12,1,9.0560185,52.0,41.011574055555556,1,2024
Snohomish,Marysville,12,48,28.004629666666666,52.0,79.56018522222222,1,2024
Snohomish,Marysville,12,49,13.50196969090909,33.0,51.9310606,1,2024
Snohomish,Marysville,12,50,11.14857946031746,50.0,44.41842073015873,1,2024
Snohomish,Marysville,12,51,7.389313340425532,30.0,34.91271759574468,1,2024
Snohomish,Marysville,12,52,5.863871650793651,14.0,29.609903396825395,1,2024
Spokane,Not in a city,1,1,4.476501047619047,30.0,22.343167714285716,1,2024
Spokane,Not in a city,1,2,4.219576714285714,31.0,21.171957666666668,1,2024
Spokane,Not in a city,1,3,6.6194444444444445,29.0,32.10515873015873,1,2024
Spokane,Not in a city,1,4,5.53002646031746,21.0,28.044312174603174,1,2024
Spokane,Not in a city,1,5,4.203743962962963,12.0,21.21115137037037,1,2024
Spokane,Not in a city,2,5,4.380787027777778,14.0,22.047453694444446,1,2024
Spokane,Not in a city,2,6,4.760978857142857,23.0,24.024470920634922,1,2024
Spokane,Not in a city,2,7,4.691534412698412,21.0,23.63756615873016,1,2024
Spokane,Not in a city,2,8,4.2929894285714285,17.0,21.689814825396823,1,2024
Spokane,Not in a city,2,9,1.2770028333333334,13.0,6.365891722222222,1,2024
Spokane,Not in a city,3,9,1.2024691481481482,8.0,6.358024703703704,1,2024
Spokane,Not in a city,3,10,4.376455015873016,15.0,22.07804231746032,1,2024
Spokane,Not in a city,3,11,4.977565015873016,31.0,25.19343803174603,1,2024
Spokane,Not in a city,3,12,4.775661380952381,19.0,24.280423285714285,1,2024
Spokane,Not in a city,3,13,3.0762019682539683,14.0,15.711122603174603,1,2024
Spokane,Not in a city,4,14,2.2195767301587304,9.0,11.171957682539682,1,2024
Spokane,Not in a city,4,15,3.4325396984126986,31.0,17.27380953968254,1,2024
Spokane,Not in a city,4,16,2.4772486825396824,8.0,12.597883603174603,1,2024
Spokane,Not in a city,4,17,3.8366502857142852,13.0,19.093793142857145,1,2024
Spokane,Not in a city,4,18,1.1528030999999999,8.0,5.7928030999999995,1,2024
Spokane,Not in a city,5,18,2.6018518444444445,13.0,12.912962955555557,1,2024
Spokane,Not in a city,5,19,3.520634920634921,18.0,17.92063492063492,1,2024
Spokane,Not in a city,5,20,2.7476190476190476,19.0,13.896825396825397,1,2024
Spokane,Not in a city,5,21,1.9925350952380954,8.0,10.132217634920634,1,2024
Spokane,Not in a city,5,22,2.4448148,10.0,12.3648148,1,2024
Spokane,Not in a city,6,22,3.2546296111111115,11.0,16.36574072222222,1,2024
Spokane,Not in a city,6,23,3.861111111111111,17.0,19.48015873015873,1,2024
Spokane,Not in a city,6,24,3.5333333174603174,28.0,17.793650777777778,1,2024
Spokane,Not in a city,6,25,4.033994698412699,14.0,20.389550253968256,1,2024
Spokane,Not in a city,6,26,2.693518523809524,11.0,13.512566142857143,1,2024
Spokane,Not in a city,7,27,6.092063476190477,58.0,29.63492061904762,1,2024
Spokane,Not in a city,7,28,8.506613761904761,18.0,41.33201058730159,1,2024
Spokane,Not in a city,7,29,10.860737301587301,26.0,46.41629285714286,1,2024
Spokane,Not in a city,7,30,15.062698412698413,43.0,55.01190476190476,1,2024
Spokane,Not in a city,7,31,6.934567888888889,29.0,28.919753074074077,1,2024
Spokane,Not in a city,8,31,15.20671297222222,44.0,55.251157416666665,1,2024
Spokane,Not in a city,8,32,11.902513206349207,30.0,50.848544952380955,1,2024
Spokane,Not in a city,8,33,8.14719919047619,26.0,38.62338966666667,1,2024
Spokane,Not in a city,8,34,4.276984142857143,11.0,21.559523825396827,1,2024
Spokane,Not in a city,8,35,4.105092592592593,22.0,20.756944444444443,1,2024
Spokane,Not in a city,9,35,4.107407444444444,10.0,20.907407444444445,1,2024
Spokane,Not in a city,9,36,12.720238111111112,28.0,51.069444460317456,1,2024
Spokane,Not in a city,9,37,5.631292492063492,28.0,26.024943285714286,1,2024
Spokane,Not in a city,9,38,3.403174603174603,10.0,17.26984126984127,1,2024
Spokane,Not in a city,9,39,3.448544968253968,20.0,17.404100523809525,1,2024
Spokane,Not in a city,9,40,2.8037036666666664,7.0,14.537037000000002,1,2024
Spokane,Not in a city,10,40,4.005401222222222,14.0,20.15354937037037,1,2024
Spokane,Not in a city,10,41,6.1488957936507935,20.0,31.037784682539684,1,2024
Spokane,Not in a city,10,42,5.2062169365079365,17.0,25.599867730158728,1,2024
Spokane,Not in a city,10,43,6.845767174603175,24.0,32.12830685714285,1,2024
Spokane,Not in a city,10,44,6.280324083333333,22.0,30.25810186111111,1,2024
Spokane,Not in a city,11,44,6.23672837037037,18.0,31.510802444444444,1,2024
Spokane,Not in a city,11,45,21.463400047619047,54.0,64.35863814285715,1,2024
Spokane,Not in a city,11,46,5.117460333333333,20.0,25.333333349206352,1,2024
Spokane,Not in a city,11,47,5.746957682539683,19.0,28.578703714285712,1,2024
Spokane,Not in a city,11,48,8.04043211111111,32.0,37.047839518518515,1,2024
Spokane,Not in a city,12,1,9.106300333333333,35.0,40.572967,1,2024
Spokane,Not in a city,12,48,21.406481444444445,38.0,68.162037,1,2024
Spokane,Not in a city,12,49,11.018708301587301,33.0,47.704422587301586,1,2024
Spokane,Not in a city,12,50,8.034656095238095,31.0,36.70767196825397,1,2024
Spokane,Not in a city,12,51,6.862433873015872,22.0,33.52910053968254,1,2024
Spokane,Not in a city,12,52,3.232936507936508,13.0,16.363095238095237,1,2024
Stevens,Colville,1,1,9.161507952380951,24.0,40.513888904761906,1,2024
Stevens,Colville,1,2,6.8321486190476195,29.0,32.381354968253966,1,2024
Stevens,Colville,1,3,13.078042333333332,35.0,51.99867725396825,1,2024
Stevens,Colville,1,4,15.449206349206348,43.0,57.46825396825397,1,2024
Stevens,Colville,1,5,6.03425925925926,20.0,30.300925925925927,1,2024
Stevens,Colville,2,5,8.57939813888889,18.0,40.51273147222222,1,2024
Stevens,Colville,2,6,8.519398444444443,25.0,41.71304923809524,1,2024
Stevens,Colville,2,7,8.96334253968254,36.0,39.096675873015876,1,2024
Stevens,Colville,2,8,6.374097063492063,23.0,29.78997007936508,1,2024
Stevens,Colville,2,9,2.6307870277777776,14.0,13.630787027777778,1,2024
Stevens,Colville,3,9,3.403395037037037,11.0,17.270061703703703,1,2024
Stevens,Colville,3,10,5.819421444444445,20.0,29.09561192063492,1,2024
Stevens,Colville,3,11,5.404497365079365,48.0,26.763227523809523,1,2024
Stevens,Colville,3,12,5.2756613492063495,15.0,26.621693095238093,1,2024
Stevens,Colville,3,13,3.606084666666667,14.0,18.183862444444443,1,2024
Stevens,Colville,4,14,3.892517841269841,11.0,19.740136888888888,1,2024
Stevens,Colville,4,15,4.077380968253968,13.0,20.394841285714286,1,2024
Stevens,Colville,4,16,3.0328445079365083,16.0,15.324908,1,2024
Stevens,Colville,4,17,3.6768518571428572,30.0,17.937169317460317,1,2024
Stevens,Colville,4,18,2.8582491666666665,12.0,14.547138055555555,1,2024
Stevens,Colville,5,18,4.623333333333333,36.0,23.45,1,2024
Stevens,Colville,5,19,4.005291015873016,17.0,20.25925926984127,1,2024
Stevens,Colville,5,20,2.7360133492063494,13.0,13.770933984126984,1,2024
Stevens,Colville,5,21,2.1628306825396826,12.0,11.03902115873016,1,2024
Stevens,Colville,5,22,2.185925911111111,10.0,11.092592577777777,1,2024
Stevens,Colville,6,22,2.259259222222222,14.0,11.370370333333334,1,2024
Stevens,Colville,6,23,2.591402111111111,19.0,12.991402111111112,1,2024
Stevens,Colville,6,24,3.1904416666666666,12.0,16.23171150793651,1,2024
Stevens,Colville,6,25,3.261640206349206,18.0,16.620370365079367,1,2024
Stevens,Colville,6,26,1.806579253968254,10.0,8.968484015873017,1,2024
Stevens,Colville,7,27,3.7476190476190476,59.0,18.833333333333332,1,2024
Stevens,Colville,7,28,8.532010587301587,22.0,40.31613757142857,1,2024
Stevens,Colville,7,29,12.932539682539682,55.0,51.345238095238095,1,2024
Stevens,Colville,7,30,16.135449746031746,64.0,58.56084657142857,1,2024
Stevens,Colville,7,31,6.973456777777778,15.0,34.26234566666667,1,2024
Stevens,Colville,8,31,11.129629611111111,26.0,46.574074055555556,1,2024
Stevens,Colville,8,32,13.278191857142856,38.0,53.67184265079365,1,2024
Stevens,Colville,8,33,8.935485825396826,23.0,41.887866777777774,1,2024
Stevens,Colville,8,34,4.504227063492063,14.0,22.72644928571429,1,2024
Stevens,Colville,8,35,2.707098777777778,12.0,13.78858025925926,1,2024
Stevens,Colville,9,35,3.200925888888889,7.0,16.356481444444444,1,2024
Stevens,Colville,9,36,10.378007841269842,28.0,43.19070625396825,1,2024
Stevens,Colville,9,37,6.220238111111111,37.0,25.204365095238096,1,2024
Stevens,Colville,9,38,2.277530476190476,11.0,11.560070158730158,1,2024
Stevens,Colville,9,39,2.963888888888889,11.0,14.938492063492063,1,2024
Stevens,Colville,9,40,2.004830888888889,6.0,10.004830888888888,1,2024
Stevens,Colville,10,40,3.8044752962962964,17.0,19.241512333333336,1,2024
Stevens,Colville,10,41,5.532671968253968,16.0,28.04695768253968,1,2024
Stevens,Colville,10,42,7.8344444,16.0,35.9944444,1,2024
Stevens,Colville,10,43,8.312424236363636,28.0,37.44696969090909,1,2024
Stevens,Colville,10,44,12.253472222222221,58.0,47.364583333333336,1,2024
Stevens,Colville,11,44,13.03580248148148,58.0,52.413580259259255,1,2024
Stevens,Colville,11,45,19.93131142857143,58.0,62.15353365079365,1,2024
Stevens,Colville,11,46,9.805687825396825,42.0,43.76124338095238,1,2024
Stevens,Colville,11,47,9.163492079365078,25.0,43.563492079365076,1,2024
Stevens,Colville,11,48,8.838734555555556,25.0,43.06095677777778,1,2024
Stevens,Colville,12,1,4.602576444444444,25.0,23.18035422222222,1,2024
Stevens,Colville,12,48,15.10277777777778,24.0,56.791666666666664,1,2024
Stevens,Colville,12,49,7.547637920634921,22.0,37.795256968253966,1,2024
Stevens,Colville,12,50,8.533994714285715,27.0,40.06415344444444,1,2024
Stevens,Colville,12,51,9.291005269841271,26.0,44.08465606349207,1,2024
Stevens,Colville,12,52,6.233597888888888,32.0,31.55423280952381,1,2024
Whatcom,Bellingham,1,1,6.246957666666667,30.0,31.554894174603174,1,2024
Whatcom,Bellingham,1,2,4.777214174603174,21.0,24.15499195238095,1,2024
Whatcom,Bellingham,1,3,7.076058174603175,18.0,35.83796293650794,1,2024
Whatcom,Bellingham,1,4,4.200303018181818,11.0,20.89848483636364,1,2024
Whatcom,Bellingham,1,5,4.649122842105264,8.0,22.543859684210524,1,2024
Whatcom,Bellingham,2,5,5.829398138888888,16.0,29.318287027777778,1,2024
Whatcom,Bellingham,2,6,6.818386253968254,15.0,34.412037047619044,1,2024
Whatcom,Bellingham,2,7,5.5469519047619045,17.0,28.048539206349208,1,2024
Whatcom,Bellingham,2,8,6.108066981818182,14.0,30.29715789090909,1,2024
Whatcom,Bellingham,2,9,3.5309098928571427,9.0,17.35948132142857,1,2024
Whatcom,Bellingham,3,9,3.269444444444445,9.0,16.36574074074074,1,2024
Whatcom,Bellingham,3,10,5.704894174603174,15.0,28.8287036984127,1,2024
Whatcom,Bellingham,3,11,6.161507936507936,20.0,31.03769841269841,1,2024
Whatcom,Bellingham,3,12,6.133321841269841,19.0,30.907925015873015,1,2024
Whatcom,Bellingham,3,13,3.8196808723404256,14.0,18.917553212765956,1,2024
Whatcom,Bellingham,4,14,4.820744174603175,22.0,24.28741084126984,1,2024
Whatcom,Bellingham,4,15,5.31904761904762,13.0,26.88095238095238,1,2024
Whatcom,Bellingham,4,16,3.8615136825396825,14.0,19.353577174603178,1,2024
Whatcom,Bellingham,4,17,3.663492063492064,11.0,18.571428571428573,1,2024
Whatcom,Bellingham,4,18,3.357407388888889,7.0,16.824074055555556,1,2024
Whatcom,Bellingham,5,18,4.047592622222222,13.0,20.367592622222222,1,2024
Whatcom,Bellingham,5,19,4.886231891304348,16.0,23.7210145,1,2024
Whatcom,Bellingham,5,20,4.1789394,11.0,20.600757581818183,1,2024
Whatcom,Bellingham,5,21,4.549338634920635,11.0,22.98743387301587,1,2024
Whatcom,Bellingham,5,22,3.2849999999999997,12.0,16.54722222222222,1,2024
Whatcom,Bellingham,6,22,2.6027777777777774,10.0,13.180555555555555,1,2024
Whatcom,Bellingham,6,23,4.692195777777778,12.0,23.76521165079365,1,2024
Whatcom,Bellingham,6,24,3.90527373015873,11.0,19.61321023809524,1,2024
Whatcom,Bellingham,6,25,4.518650793650794,15.0,22.601190476190474,1,2024
Whatcom,Bellingham,6,26,3.034656095238095,9.0,15.326719587301588,1,2024
Whatcom,Bellingham,7,27,6.248941809523809,46.0,31.42989419047619,1,2024
Whatcom,Bellingham,7,28,7.326626127272727,17.0,35.675717036363636,1,2024
Whatcom,Bellingham,7,29,6.0363773174603175,13.0,30.518917000000002,1,2024
Whatcom,Bellingham,7,30,5.535317476190476,14.0,27.922619063492064,1,2024
Whatcom,Bellingham,7,31,3.8702380740740745,10.0,19.396164,1,2024
Whatcom,Bellingham,8,31,7.02800925,19.0,35.45023147222222,1,2024
Whatcom,Bellingham,8,32,9.160185190476192,18.0,43.30621693650794,1,2024
Whatcom,Bellingham,8,33,7.262301587301587,16.0,36.49404761904762,1,2024
Whatcom,Bellingham,8,34,5.490867253968254,16.0,27.662295825396825,1,2024
Whatcom,Bellingham,8,35,7.721141962962963,70.0,38.195216037037035,1,2024
Whatcom,Bellingham,9,35,8.906481444444445,14.0,44.550925888888884,1,2024
Whatcom,Bellingham,9,36,9.23359788888889,19.0,42.55423280952381,1,2024
Whatcom,Bellingham,9,37,5.5202009682539686,18.0,27.92020096825397,1,2024
Whatcom,Bellingham,9,38,5.876455,20.0,29.482804206349204,1,2024
Whatcom,Bellingham,9,39,5.4332010634920636,11.0,27.52843915873016,1,2024
Whatcom,Bellingham,9,40,5.0055555555555555,11.0,25.450000000000003,1,2024
Whatcom,Bellingham,10,40,6.932971021739131,16.0,34.480797108695654,1,2024
Whatcom,Bellingham,10,41,7.546693126984127,17.0,37.667328047619044,1,2024
Whatcom,Bellingham,10,42,5.389153444444444,29.0,27.141534396825396,1,2024
Whatcom,Bellingham,10,43,5.775862666666667,13.0,29.21713250793651,1,2024
Whatcom,Bellingham,10,44,5.330555555555556,12.0,26.819444444444443,1,2024
Whatcom,Bellingham,11,44,5.137037037037037,13.0,26.055555555555557,1,2024
Whatcom,Bellingham,11,45,8.662600634920635,20.0,41.22133079365079,1,2024
Whatcom,Bellingham,11,46,4.519973555555556,14.0,22.729497365079364,1,2024
Whatcom,Bellingham,11,47,4.545370380952381,15.0,22.85648149206349,1,2024
Whatcom,Bellingham,11,48,7.88780862962963,26.0,39.398919740740745,1,2024
Whatcom,Bellingham,12,1,5.9064815,15.0,29.995370388888887,1,2024
Whatcom,Bellingham,12,48,7.906481444444444,18.0,39.995370333333334,1,2024
Whatcom,Bellingham,12,49,9.27698415873016,33.0,42.30555558730159,1,2024
Whatcom,Bellingham,12,50,6.3186868730158725,20.0,31.944083698412697,1,2024
Whatcom,Bellingham,12,51,3.861772492063492,15.0,19.607804238095238,1,2024
Whatcom,Bellingham,12,52,3.403174603174603,14.0,17.26984126984127,1,2024
Yakima,Sunnyside,1,1,5.177513238095238,17.0,26.104497365079364,1,2024
Yakima,Sunnyside,1,2,5.132022603174604,23.0,25.843133714285713,1,2024
Yakima,Sunnyside,1,3,15.759656095238096,31.0,57.62632276190476,1,2024
Yakima,Sunnyside,1,4,14.705843126984128,35.0,56.36933519047619,1,2024
Yakima,Sunnyside,1,5,6.40493825925926,13.0,32.12345677777778,1,2024
Yakima,Sunnyside,2,5,6.780324083333333,18.0,34.09143519444444,1,2024
Yakima,Sunnyside,2,6,4.776984126984127,17.0,24.02777777777778,1,2024
Yakima,Sunnyside,2,7,3.9899470793650793,12.0,20.002645492063493,1,2024
Yakima,Sunnyside,2,8,5.7779042857142855,19.0,29.092190000000002,1,2024
Yakima,Sunnyside,2,9,1.9053240833333334,8.0,9.77199075,1,2024
Yakima,Sunnyside,3,9,2.0388888888888888,8.0,10.305555555555555,1,2024
Yakima,Sunnyside,3,10,5.535317460317461,18.0,27.922619047619047,1,2024
Yakima,Sunnyside,3,11,5.361423317460318,17.0,26.885232841269843,1,2024
Yakima,Sunnyside,3,12,5.520634904761904,16.0,27.793650777777778,1,2024
Yakima,Sunnyside,3,13,2.8777777777777778,11.0,14.547619047619047,1,2024
Yakima,Sunnyside,4,14,3.361772492063492,16.0,17.012566142857143,1,2024
Yakima,Sunnyside,4,15,4.718311476190476,16.0,24.01989877777778,1,2024
Yakima,Sunnyside,4,16,3.9351851746031743,31.0,19.871693111111114,1,2024
Yakima,Sunnyside,4,17,2.79100526984127,18.0,14.029100507936509,1,2024
Yakima,Sunnyside,4,18,1.9064814444444442,11.0,9.550925888888889,1,2024
Yakima,Sunnyside,5,18,2.6438888888888887,15.0,13.452777777777778,1,2024
Yakima,Sunnyside,5,19,3.4482861904761903,11.0,17.276857619047618,1,2024
Yakima,Sunnyside,5,20,3.2062169206349207,28.0,16.10780422222222,1,2024
Yakima,Sunnyside,5,21,2.831746015873016,22.0,14.412698396825396,1,2024
Yakima,Sunnyside,5,22,2.566296266666667,11.0,12.912962933333334,1,2024
Yakima,Sunnyside,6,22,4.256944444444445,52.0,21.368055555555557,1,2024
Yakima,Sunnyside,6,23,3.9050149523809523,26.0,19.612951460317458,1,2024
Yakima,Sunnyside,6,24,2.2897975555555554,12.0,11.686622952380953,1,2024
Yakima,Sunnyside,6,25,4.276382873015873,26.0,21.558922555555554,1,2024
Yakima,Sunnyside,6,26,3.8904761904761904,18.0,19.61111111111111,1,2024
Yakima,Sunnyside,7,27,8.074879222222222,190.0,35.31297446031746,1,2024
Yakima,Sunnyside,7,28,8.818386222222221,22.0,42.38029098412699,1,2024
Yakima,Sunnyside,7,29,9.019944793650794,35.0,41.89613526984127,1,2024
Yakima,Sunnyside,7,30,22.319709000000003,128.0,70.29431217460318,1,2024
Yakima,Sunnyside,7,31,10.707098777777778,78.0,45.047839518518515,1,2024
Yakima,Sunnyside,8,31,20.977375194444445,71.0,67.4440418611111,1,2024
Yakima,Sunnyside,8,32,13.975264523809525,37.0,54.88955023809524,1,2024
Yakima,Sunnyside,8,33,8.89047619047619,33.0,42.388888888888886,1,2024
Yakima,Sunnyside,8,34,4.576834587301587,10.0,22.989532999999998,1,2024
Yakima,Sunnyside,8,35,6.137808648148148,15.0,31.056327166666666,1,2024
Yakima,Sunnyside,9,35,8.004629666666666,15.0,40.004629666666666,1,2024
Yakima,Sunnyside,9,36,14.578042333333332,32.0,55.21296296825397,1,2024
Yakima,Sunnyside,9,37,5.3771163968253965,31.0,24.348544968253968,1,2024
Yakima,Sunnyside,9,38,4.34907407936508,14.0,22.076058206349206,1,2024
Yakima,Sunnyside,9,39,4.3218133650793655,16.0,21.69324193650794,1,2024
Yakima,Sunnyside,9,40,4.509259222222222,11.0,22.731481444444444,1,2024
Yakima,Sunnyside,10,40,5.571429,10.0,5.571429,1,2024
Yakima,Sunnyside,10,42,3.6973684736842105,11.0,17.802631631578947,1,2024
Yakima,Sunnyside,10,43,6.907142857142857,33.0,31.75793650793651,1,2024
Yakima,Sunnyside,10,44,6.60625,22.0,31.850694444444443,1,2024
Yakima,Sunnyside,11,44,3.3052469259259256,11.0,16.66820988888889,1,2024
Yakima,Sunnyside,11,45,14.247799428571428,43.0,47.936688317460316,1,2024
Yakima,Sunnyside,11,46,6.006211174603174,41.0,26.323671492063493,1,2024
Yakima,Sunnyside,11,47,5.891137555555555,16.0,29.738756603174604,1,2024
Yakima,Sunnyside,11,48,9.322376537037037,36.0,43.26311727777778,1,2024
Yakima,Sunnyside,12,1,6.3042068888888885,18.0,31.815317999999998,1,2024
Yakima,Sunnyside,12,48,8.5,13.0,42.72222222222222,1,2024
Yakima,Sunnyside,12,49,7.133580634920635,17.0,36.09866,1,2024
Yakima,Sunnyside,12,50,8.377116412698413,17.0,41.5707672063492,1,2024
Yakima,Sunnyside,12,51,10.649470904761904,37.0,46.01455026984127,1,2024
Yakima,Sunnyside,12,52,4.605423285714285,15.0,23.119709,1,2024
Yakima,Toppenish,1,1,6.363095238095238,21.0,32.07738095238095,1,2024
Yakima,Toppenish,1,2,6.505204746031746,31.0,31.71155395238095,1,2024
Yakima,Toppenish,1,3,16.246756396825397,59.0,58.82453417460318,1,2024
Yakima,Toppenish,1,4,14.805026444444445,33.0,56.506613746031746,1,2024
Yakima,Toppenish,1,5,6.372826074074074,17.0,32.12097422222222,1,2024
Yakima,Toppenish,2,5,6.856249999999999,23.0,34.767361111111114,1,2024
Yakima,Toppenish,2,6,5.532671952380952,19.0,27.91997353968254,1,2024
Yakima,Toppenish,2,7,4.718915365079365,16.0,23.766534412698412,1,2024
Yakima,Toppenish,2,8,6.562037031746032,21.0,32.7334656031746,1,2024
Yakima,Toppenish,2,9,1.0761775277777776,8.0,5.453955305555556,1,2024
Yakima,Toppenish,3,9,2.040432074074074,7.0,10.307098740740742,1,2024
Yakima,Toppenish,3,10,5.461070841269841,24.0,27.403927984126984,1,2024
Yakima,Toppenish,3,11,5.3490740952380955,23.0,26.885582031746033,1,2024
Yakima,Toppenish,3,12,5.921164015873015,44.0,29.870370365079367,1,2024
Yakima,Toppenish,3,13,3.631165174603175,13.0,18.310530253968253,1,2024
Yakima,Toppenish,4,14,4.061375650793651,18.0,20.391534380952383,1,2024
Yakima,Toppenish,4,15,4.447883603174603,16.0,22.46693122222222,1,2024
Yakima,Toppenish,4,16,3.3357143015873016,10.0,16.757936523809526,1,2024
Yakima,Toppenish,4,17,3.1905122857142856,14.0,16.104798,1,2024
Yakima,Toppenish,4,18,2.2078703333333336,7.0,10.918981444444444,1,2024
Yakima,Toppenish,5,18,3.3448148222222227,17.0,16.73148148888889,1,2024
Yakima,Toppenish,5,19,4.004140777777778,13.0,20.004140777777778,1,2024
Yakima,Toppenish,5,20,4.9195014285714285,66.0,23.408390317460317,1,2024
Yakima,Toppenish,5,21,2.4610708253968254,18.0,12.340435904761904,1,2024
Yakima,Toppenish,5,22,2.1644444444444444,16.0,11.088888888888889,1,2024
Yakima,Toppenish,6,22,3.355092611111111,22.0,16.82175927777778,1,2024
Yakima,Toppenish,6,23,3.907142857142857,18.0,19.74206349206349,1,2024
Yakima,Toppenish,6,24,3.7047052222222225,25.0,18.70153061904762,1,2024
Yakima,Toppenish,6,25,6.060714285714286,44.0,28.99404761904762,1,2024
Yakima,Toppenish,6,26,3.4482286666666666,26.0,17.149815968253968,1,2024
Yakima,Toppenish,7,27,7.089418,46.0,33.42592593650794,1,2024
Yakima,Toppenish,7,28,9.021296301587302,27.0,41.89748677777778,1,2024
Yakima,Toppenish,7,29,8.865199634920634,35.0,40.10329487301587,1,2024
Yakima,Toppenish,7,30,28.607407396825398,147.0,82.16931215873016,1,2024
Yakima,Toppenish,7,31,15.070549074074075,86.0,49.085363888888885,1,2024
Yakima,Toppenish,8,31,33.4310185,108.0,92.38657405555556,1,2024
Yakima,Toppenish,8,32,18.064478634920633,57.0,62.077177047619045,1,2024
Yakima,Toppenish,8,33,8.719059126984126,25.0,42.24286865079365,1,2024
Yakima,Toppenish,8,34,4.591161619047619,11.0,23.118145746031747,1,2024
Yakima,Toppenish,8,35,6.771490888888889,51.0,33.79371311111111,1,2024
Yakima,Toppenish,9,35,10.803703666666667,22.0,49.20370366666666,1,2024
Yakima,Toppenish,9,36,16.175529095238097,36.0,57.6739417936508,1,2024
Yakima,Toppenish,9,37,6.430125723404256,38.0,27.876934234042555,1,2024
Yakima,Toppenish,9,38,4.704894158730158,22.0,23.63822749206349,1,2024
Yakima,Toppenish,9,39,4.875764904761905,18.0,24.6725903015873,1,2024
Yakima,Toppenish,9,40,5.901851888888889,13.0,29.99074077777778,1,2024
Yakima,Toppenish,10,40,5.067708321428571,16.0,24.781994035714288,1,2024
Yakima,Toppenish,10,41,8.564469672727274,32.0,38.92083330909091,1,2024
Yakima,Toppenish,10,42,4.51865080952381,22.0,22.22023811111111,1,2024
Yakima,Toppenish,10,43,7.561922015873016,27.0,35.00319185714286,1,2024
Yakima,Toppenish,10,44,9.481149361111111,38.0,41.05892713888889,1,2024
Yakima,Toppenish,11,44,6.168209851851851,20.0,31.205246888888887,1,2024
Yakima,Toppenish,11,45,17.50589223809524,54.0,58.45827319047619,1,2024
Yakima,Toppenish,11,46,6.704894190476191,35.0,30.971560857142855,1,2024
Yakima,Toppenish,11,47,6.177513238095238,23.0,30.787037047619048,1,2024
Yakima,Toppenish,11,48,8.985956777777778,32.0,42.18595677777778,1,2024
Yakima,Toppenish,12,1,8.902483166666666,19.0,42.32470538888889,1,2024
Yakima,Toppenish,12,48,7.803703666666667,12.0,39.092592555555555,1,2024
Yakima,Toppenish,12,49,7.232821492063492,17.0,36.489964349206346,1,2024
Yakima,Toppenish,12,50,10.204232793650794,41.0,45.582010571428576,1,2024
Yakima,Toppenish,12,51,9.977248682539683,25.0,44.92328042857143,1,2024
Yakima,Toppenish,12,52,4.604761904761905,20.0,23.246031746031747,1,2024
Yakima,Yakima,1,1,6.776984126984127,19.0,33.392857142857146,1,2024
Yakima,Yakima,1,2,6.921718732394366,33.0,33.62594408450705,1,2024
Yakima,Yakima,1,3,13.504629619047618,45.0,52.04431215873016,1,2024
Yakima,Yakima,1,4,16.28720657746479,50.0,59.419600943661976,1,2024
Yakima,Yakima,1,5,9.806790111111113,20.0,46.42901233333333,1,2024
Yakima,Yakima,2,5,9.206712972222222,26.0,42.36226852777778,1,2024
Yakima,Yakima,2,6,6.087793436619719,22.0,29.884976535211266,1,2024
Yakima,Yakima,2,7,5.1278481012658235,16.0,26.018987341772153,1,2024
Yakima,Yakima,2,8,7.173953873239436,27.0,34.035925704225356,1,2024
Yakima,Yakima,2,9,3.2803240833333334,17.0,16.591435194444443,1,2024
Yakima,Yakima,3,9,3.3691358148148147,17.0,16.969135814814816,1,2024
Yakima,Yakima,3,10,6.033333317460317,92.0,29.373015857142857,1,2024
Yakima,Yakima,3,11,3.7636243492063493,20.0,18.836640222222222,1,2024
Yakima,Yakima,3,12,4.360870619047619,15.0,22.075156333333332,1,2024
Yakima,Yakima,3,13,3.1708001690140843,18.0,16.015870591549294,1,2024
Yakima,Yakima,4,14,3.7215608571428573,12.0,18.832671968253965,1,2024
Yakima,Yakima,4,15,3.8358649620253162,14.0,19.542194075949364,1,2024
Yakima,Yakima,4,16,2.9060063239436618,10.0,14.939809140845071,1,2024
Yakima,Yakima,4,17,2.8786384788732393,12.0,14.473004676056338,1,2024
Yakima,Yakima,4,18,1.5759615384615384,6.0,8.129807692307692,1,2024
Yakima,Yakima,5,18,2.0653703777777777,9.0,10.3675926,1,2024
Yakima,Yakima,5,19,3.400421936708861,15.0,17.618143455696202,1,2024
Yakima,Yakima,5,20,2.640043901408451,11.0,13.445677704225352,1,2024
Yakima,Yakima,5,21,2.784272309859155,40.0,14.254694845070423,1,2024
Yakima,Yakima,5,22,2.4910377358490567,9.0,12.63443396226415,1,2024
Yakima,Yakima,6,22,3.2055555555555557,10.0,15.916666666666666,1,2024
Yakima,Yakima,6,23,3.6673861830985914,10.0,18.630766464788735,1,2024
Yakima,Yakima,6,24,2.851189028169014,15.0,14.366681985915493,1,2024
Yakima,Yakima,6,25,4.056434594936708,25.0,20.66402953164557,1,2024
Yakima,Yakima,6,26,2.92417838028169,24.0,14.822769929577465,1,2024
Yakima,Yakima,7,27,5.142488267605634,56.0,25.379107985915493,1,2024
Yakima,Yakima,7,28,5.168161859154929,21.0,26.227316788732395,1,2024
Yakima,Yakima,7,29,7.091079830985916,22.0,34.40375588732394,1,2024
Yakima,Yakima,7,30,21.89776994366197,160.0,67.93720656338029,1,2024
Yakima,Yakima,7,31,21.3245238,82.0,66.39880951428572,1,2024
Yakima,Yakima,8,31,18.693527659090908,79.0,64.62080038636363,1,2024
Yakima,Yakima,8,32,17.074734647887325,79.0,59.89163605633803,1,2024
Yakima,Yakima,8,33,6.700821605633803,28.0,34.12617371830986,1,2024
Yakima,Yakima,8,34,4.320769535211268,15.0,22.0559808028169,1,2024
Yakima,Yakima,8,35,4.645061722222223,16.0,22.645061722222223,1,2024
Yakima,Yakima,9,35,6.504629666666667,18.0,32.72685188888889,1,2024
Yakima,Yakima,9,36,10.964671352112676,33.0,41.96185445070422,1,2024
Yakima,Yakima,9,37,4.282863845070422,27.0,21.409624408450703,1,2024
Yakima,Yakima,9,38,3.6761603417721522,22.0,18.714135025316455,1,2024
Yakima,Yakima,9,39,4.891334985915493,19.0,25.03781385915493,1,2024
Yakima,Yakima,9,40,8.102777777777778,91.0,40.90277777777778,1,2024
Yakima,Yakima,10,40,6.3381428064516125,21.0,32.389755709677424,1,2024
Yakima,Yakima,10,41,8.736502352112675,35.0,40.79284038028169,1,2024
Yakima,Yakima,10,42,6.9207950704225345,28.0,33.81656971830986,1,2024
Yakima,Yakima,10,43,5.621097037974684,21.0,27.717299569620256,1,2024
Yakima,Yakima,10,44,11.003472222222221,26.0,46.78125,1,2024
Yakima,Yakima,11,44,7.309761885714286,17.0,36.08690474285714,1,2024
Yakima,Yakima,11,45,16.145187788732393,40.0,55.16490609859155,1,2024
Yakima,Yakima,11,46,8.087865,36.0,36.90241045454545,1,2024
Yakima,Yakima,11,47,7.776995295774648,20.0,39.326291070422535,1,2024
Yakima,Yakima,11,48,12.064784951612904,36.0,51.84543011290322,1,2024
Yakima,Yakima,12,1,9.303703722222222,18.0,46.81481483333333,1,2024
Yakima,Yakima,12,48,9.602777777777778,19.0,47.291666666666664,1,2024
Yakima,Yakima,12,49,6.631223620253165,16.0,34.185654,1,2024
Yakima,Yakima,12,50,12.554480492957746,43.0,52.70095936619718,1,2024
Yakima,Yakima,12,51,11.912441309859155,25.0,51.24765257746479,1,2024
Yakima,Yakima,12,52,6.448004690140845,23.0,31.890258211267607,1,2024
